year,source,word,n,doc,tf,idf,tf_idf
2019,prs,revised,58,2019 prs,0.02647193062528526,0.5596157879354227,0.014814110315040856
2019,prs,act,53,2019 prs,0.024189867640346873,0.5596157879354227,0.013537031839606299
2019,prs,rbi,14,2019 prs,0.006389776357827476,1.9459101490553132,0.01243393066489018
2019,prs,nbfc,8,2019 prs,0.003651300775901415,2.6390573296152584,0.009635992075272508
2019,prs,estimate,36,2019 prs,0.016430853491556367,0.5596157879354227,0.009194965023128807
2019,prs,tax,40,2019 prs,0.018256503879507075,0.44183275227903923,0.008066321356075568
2019,prs,board,9,2019 prs,0.004107713372889092,1.9459101490553132,0.007993241141715117
2019,prs,budgeted,24,2019 prs,0.010953902327704245,0.6931471805599453,0.00759266651457722
2019,prs,expenditure,48,2019 prs,0.02190780465540849,0.3364722366212129,0.007371368031865915
2019,prs,penalties,8,2019 prs,0.003651300775901415,1.9459101490553132,0.007105103237080103
2019,prs,revenue,31,2019 prs,0.014148790506617983,0.44183275227903923,0.006251399050958565
2019,prs,directors,7,2019 prs,0.003194888178913738,1.9459101490553132,0.00621696533244509
2019,prs,amended,15,2019 prs,0.006846188954815153,0.8472978603872037,0.0058007612532213855
2019,prs,target,15,2019 prs,0.006846188954815153,0.8472978603872037,0.0058007612532213855
2019,prs,estimates,22,2019 prs,0.010041077133728891,0.5596157879354227,0.005619145291912049
2019,prs,estimated,27,2019 prs,0.012323140118667275,0.44183275227903923,0.005444766915351009
2019,prs,receipts,27,2019 prs,0.012323140118667275,0.44183275227903923,0.005444766915351009
2019,prs,subsidy,17,2019 prs,0.007759014148790507,0.6931471805599453,0.0053781387811588635
2019,prs,increase,35,2019 prs,0.01597444089456869,0.3364722366212129,0.0053749558565688955
2019,prs,gst,11,2019 prs,0.005020538566864446,1.0296194171811581,0.005169243993150497
2019,prs,furnish,4,2019 prs,0.0018256503879507074,2.6390573296152584,0.004817996037636254
2019,prs,welfare,10,2019 prs,0.004564125969876769,1.0296194171811581,0.004699312721045907
2019,prs,deficit,30,2019 prs,0.013692377909630305,0.3364722366212129,0.0046071050199161965
2019,prs,interim,5,2019 prs,0.0022820629849383844,1.9459101490553132,0.004440689523175064
2019,prs,gdp,22,2019 prs,0.010041077133728891,0.44183275227903923,0.004436476745841563
2019,prs,housing,14,2019 prs,0.006389776357827476,0.6931471805599453,0.004429055466836711
2019,prs,bank,11,2019 prs,0.005020538566864446,0.8472978603872037,0.004253891585695683
2019,prs,allocations,9,2019 prs,0.004107713372889092,1.0296194171811581,0.004229381448941316
2019,prs,resolution,6,2019 prs,0.0027384755819260614,1.540445040947149,0.004218471129932859
2019,prs,sources,10,2019 prs,0.004564125969876769,0.8472978603872037,0.003867174168814257
2019,prs,allocation,19,2019 prs,0.00867183934276586,0.44183275227903923,0.0038315026441358944
2019,prs,rural,12,2019 prs,0.005476951163852123,0.6931471805599453,0.00379633325728861
2019,prs,advance,3,2019 prs,0.0013692377909630307,2.6390573296152584,0.0036134970282271912
2019,prs,dispute,3,2019 prs,0.0013692377909630307,2.6390573296152584,0.0036134970282271912
2019,prs,failure,3,2019 prs,0.0013692377909630307,2.6390573296152584,0.0036134970282271912
2019,prs,director,4,2019 prs,0.0018256503879507074,1.9459101490553132,0.0035525516185400514
2019,prs,earning,4,2019 prs,0.0018256503879507074,1.9459101490553132,0.0035525516185400514
2019,prs,exchange,4,2019 prs,0.0018256503879507074,1.9459101490553132,0.0035525516185400514
2019,prs,nbfcs,5,2019 prs,0.0022820629849383844,1.540445040947149,0.003515392608277383
2019,prs,net,9,2019 prs,0.004107713372889092,0.8472978603872037,0.0034804567519328314
2019,prs,note,9,2019 prs,0.004107713372889092,0.8472978603872037,0.0034804567519328314
2019,prs,food,11,2019 prs,0.005020538566864446,0.6931471805599453,0.0034799721525145587
2019,prs,subsidies,11,2019 prs,0.005020538566864446,0.6931471805599453,0.0034799721525145587
2019,prs,borrowings,17,2019 prs,0.007759014148790507,0.44183275227903923,0.0034281865763321163
2019,prs,increased,17,2019 prs,0.007759014148790507,0.44183275227903923,0.0034281865763321163
2019,prs,fiscal,22,2019 prs,0.010041077133728891,0.3364722366212129,0.003378543681271878
2019,prs,companies,13,2019 prs,0.005933363760839799,0.5596157879354227,0.003320404036129847
2019,prs,income,13,2019 prs,0.005933363760839799,0.5596157879354227,0.003320404036129847
2019,prs,foreign,7,2019 prs,0.003194888178913738,1.0296194171811581,0.0032895189047321347
2019,prs,mantri,7,2019 prs,0.003194888178913738,1.0296194171811581,0.0032895189047321347
2020,ecosurvey,bhubaneswar,2,2020 ecosurvey,0.3333333333333333,2.6390573296152584,0.8796857765384194
2020,ecosurvey,jan,2,2020 ecosurvey,0.3333333333333333,1.0296194171811581,0.3432064723937194
2020,ecosurvey,bureau,1,2020 ecosurvey,0.16666666666666666,0.8472978603872037,0.14121631006453395
2020,ecosurvey,information,1,2020 ecosurvey,0.16666666666666666,0.24116205681688804,0.04019367613614801
2020,prs,revised,55,2020 prs,0.02672497570456754,0.5596157879354227,0.014955718336466592
2020,prs,tax,53,2020 prs,0.02575315840621963,0.44183275227903923,0.011378588858498094
2020,prs,budgeted,29,2020 prs,0.014091350826044704,0.6931471805599453,0.009767380095353943
2020,prs,expenditure,52,2020 prs,0.025267249757045675,0.3364722366212129,0.008501728039019956
2020,prs,estimate,31,2020 prs,0.015063168124392614,0.5596157879354227,0.008429586698735716
2020,prs,cut,6,2020 prs,0.0029154518950437317,2.6390573296152584,0.007694044692755855
2020,prs,deductions,9,2020 prs,0.004373177842565598,1.540445040947149,0.006736640120760127
2020,prs,revenue,31,2020 prs,0.015063168124392614,0.44183275227903923,0.0066554010304422815
2020,prs,gdp,30,2020 prs,0.014577259475218658,0.44183275227903923,0.006440710674621563
2020,prs,estimated,29,2020 prs,0.014091350826044704,0.44183275227903923,0.006226020318800845
2020,prs,subsidy,18,2020 prs,0.008746355685131196,0.6931471805599453,0.006062511783323137
2020,prs,receipts,27,2020 prs,0.013119533527696793,0.44183275227903923,0.005796639607159407
2020,prs,estimates,21,2020 prs,0.01020408163265306,0.5596157879354227,0.005710365183014516
2020,prs,stage,11,2020 prs,0.005344995140913508,1.0296194171811581,0.005503310781823489
2020,prs,target,13,2020 prs,0.006316812439261419,0.8472978603872037,0.005352221664253473
2020,prs,tobacco,4,2020 prs,0.001943634596695821,2.6390573296152584,0.005129363128503903
2020,prs,deficit,31,2020 prs,0.015063168124392614,0.3364722366212129,0.005068337869415743
2020,prs,welfare,10,2020 prs,0.004859086491739553,1.0296194171811581,0.005003009801657717
2020,prs,sources,11,2020 prs,0.005344995140913508,0.8472978603872037,0.0045288029466760155
2020,prs,option,6,2020 prs,0.0029154518950437317,1.540445040947149,0.004491093413840084
2020,prs,rates,10,2020 prs,0.004859086491739553,0.8472978603872037,0.004117093587887287
2020,prs,allocation,19,2020 prs,0.00923226433430515,0.44183275227903923,0.0040791167605936565
2020,prs,act,15,2020 prs,0.007288629737609329,0.5596157879354227,0.004078832273581798
2020,prs,income,15,2020 prs,0.007288629737609329,0.5596157879354227,0.004078832273581798
2020,prs,increase,24,2020 prs,0.011661807580174927,0.3364722366212129,0.003923874479547672
2020,prs,borrowings,18,2020 prs,0.008746355685131196,0.44183275227903923,0.003864426404772938
2020,prs,charities,3,2020 prs,0.0014577259475218659,2.6390573296152584,0.0038470223463779275
2020,prs,claim,3,2020 prs,0.0014577259475218659,2.6390573296152584,0.0038470223463779275
2020,prs,donations,3,2020 prs,0.0014577259475218659,2.6390573296152584,0.0038470223463779275
2020,prs,recruitment,3,2020 prs,0.0014577259475218659,2.6390573296152584,0.0038470223463779275
2020,prs,residence,3,2020 prs,0.0014577259475218659,2.6390573296152584,0.0038470223463779275
2020,prs,payable,4,2020 prs,0.001943634596695821,1.9459101490553132,0.0037821382877654287
2020,prs,due,9,2020 prs,0.004373177842565598,0.8472978603872037,0.0037053842290985586
2020,prs,scheme,17,2020 prs,0.00826044703595724,0.44183275227903923,0.003649736048952219
2020,prs,allocations,7,2020 prs,0.003401360544217687,1.0296194171811581,0.0035021068611604017
2020,prs,gst,7,2020 prs,0.003401360544217687,1.0296194171811581,0.0035021068611604017
2020,prs,mantri,7,2020 prs,0.003401360544217687,1.0296194171811581,0.0035021068611604017
2020,prs,ministries,7,2020 prs,0.003401360544217687,1.0296194171811581,0.0035021068611604017
2020,prs,pradhan,7,2020 prs,0.003401360544217687,1.0296194171811581,0.0035021068611604017
2020,prs,fiscal,21,2020 prs,0.01020408163265306,0.3364722366212129,0.0034333901696042128
2020,prs,food,10,2020 prs,0.004859086491739553,0.6931471805599453,0.003368062101846187
2020,prs,subsidies,10,2020 prs,0.004859086491739553,0.6931471805599453,0.003368062101846187
2020,prs,budgetary,5,2020 prs,0.0024295432458697765,1.252762968495368,0.003043641808783693
2020,prs,extra,5,2020 prs,0.0024295432458697765,1.252762968495368,0.003043641808783693
2020,prs,transactions,5,2020 prs,0.0024295432458697765,1.252762968495368,0.003043641808783693
2020,prs,change,9,2020 prs,0.004373177842565598,0.6931471805599453,0.0030312558916615684
2020,prs,addition,6,2020 prs,0.0029154518950437317,1.0296194171811581,0.00300180588099463
2020,prs,home,6,2020 prs,0.0029154518950437317,1.0296194171811581,0.00300180588099463
2020,prs,petroleum,6,2020 prs,0.0029154518950437317,1.0296194171811581,0.00300180588099463
2020,prs,actuals,7,2020 prs,0.003401360544217687,0.8472978603872037,0.002881965511521101
2021,ecosurvey,smt,10,2021 ecosurvey,0.022222222222222223,1.9459101490553132,0.04324244775678474
2021,ecosurvey,sitharaman,10,2021 ecosurvey,0.022222222222222223,1.252762968495368,0.027839177077674845
2021,ecosurvey,borrowing,9,2021 ecosurvey,0.02,1.252762968495368,0.02505525936990736
2021,ecosurvey,essential,4,2021 ecosurvey,0.008888888888888889,2.6390573296152584,0.02345828737435785
2021,ecosurvey,pegged,4,2021 ecosurvey,0.008888888888888889,2.6390573296152584,0.02345828737435785
2021,ecosurvey,situation,4,2021 ecosurvey,0.008888888888888889,2.6390573296152584,0.02345828737435785
2021,ecosurvey,weak,4,2021 ecosurvey,0.008888888888888889,2.6390573296152584,0.02345828737435785
2021,ecosurvey,budgetary,8,2021 ecosurvey,0.017777777777777778,1.252762968495368,0.022271341662139878
2021,ecosurvey,ceiling,5,2021 ecosurvey,0.011111111111111112,1.9459101490553132,0.02162122387839237
2021,ecosurvey,informed,3,2021 ecosurvey,0.006666666666666667,2.6390573296152584,0.01759371553076839
2021,ecosurvey,amendment,4,2021 ecosurvey,0.008888888888888889,1.9459101490553132,0.017296979102713897
2021,ecosurvey,reach,4,2021 ecosurvey,0.008888888888888889,1.9459101490553132,0.017296979102713897
2021,ecosurvey,relief,4,2021 ecosurvey,0.008888888888888889,1.9459101490553132,0.017296979102713897
2021,ecosurvey,estimates,12,2021 ecosurvey,0.02666666666666667,0.5596157879354227,0.014923087678277939
2021,ecosurvey,expenditure,19,2021 ecosurvey,0.042222222222222223,0.3364722366212129,0.01420660554622899
2021,ecosurvey,combined,4,2021 ecosurvey,0.008888888888888889,1.540445040947149,0.013692844808419103
2021,ecosurvey,gsdp,4,2021 ecosurvey,0.008888888888888889,1.540445040947149,0.013692844808419103
2021,ecosurvey,added,3,2021 ecosurvey,0.006666666666666667,1.9459101490553132,0.012972734327035423
2021,ecosurvey,accordance,2,2021 ecosurvey,0.0044444444444444444,2.6390573296152584,0.011729143687178926
2021,ecosurvey,allowing,2,2021 ecosurvey,0.0044444444444444444,2.6390573296152584,0.011729143687178926
2021,ecosurvey,approaching,2,2021 ecosurvey,0.0044444444444444444,2.6390573296152584,0.011729143687178926
2021,ecosurvey,attention,2,2021 ecosurvey,0.0044444444444444444,2.6390573296152584,0.011729143687178926
2021,ecosurvey,calibrate,2,2021 ecosurvey,0.0044444444444444444,2.6390573296152584,0.011729143687178926
2021,ecosurvey,drew,2,2021 ecosurvey,0.0044444444444444444,2.6390573296152584,0.011729143687178926
2021,ecosurvey,earmarked,2,2021 ecosurvey,0.0044444444444444444,2.6390573296152584,0.011729143687178926
2021,ecosurvey,evolving,2,2021 ecosurvey,0.0044444444444444444,2.6390573296152584,0.011729143687178926
2021,ecosurvey,fci,2,2021 ecosurvey,0.0044444444444444444,2.6390573296152584,0.011729143687178926
2021,ecosurvey,inflow,2,2021 ecosurvey,0.0044444444444444444,2.6390573296152584,0.011729143687178926
2021,ecosurvey,lifted,2,2021 ecosurvey,0.0044444444444444444,2.6390573296152584,0.011729143687178926
2021,ecosurvey,lockdown,2,2021 ecosurvey,0.0044444444444444444,2.6390573296152584,0.011729143687178926
2021,ecosurvey,months,2,2021 ecosurvey,0.0044444444444444444,2.6390573296152584,0.011729143687178926
2021,ecosurvey,multilateral,2,2021 ecosurvey,0.0044444444444444444,2.6390573296152584,0.011729143687178926
2021,ecosurvey,normal,2,2021 ecosurvey,0.0044444444444444444,2.6390573296152584,0.011729143687178926
2021,ecosurvey,opted,2,2021 ecosurvey,0.0044444444444444444,2.6390573296152584,0.011729143687178926
2021,ecosurvey,original,2,2021 ecosurvey,0.0044444444444444444,2.6390573296152584,0.011729143687178926
2021,ecosurvey,packages,2,2021 ecosurvey,0.0044444444444444444,2.6390573296152584,0.011729143687178926
2021,ecosurvey,peg,2,2021 ecosurvey,0.0044444444444444444,2.6390573296152584,0.011729143687178926
2021,ecosurvey,portion,2,2021 ecosurvey,0.0044444444444444444,2.6390573296152584,0.011729143687178926
2021,ecosurvey,ramping,2,2021 ecosurvey,0.0044444444444444444,2.6390573296152584,0.011729143687178926
2021,ecosurvey,resulted,2,2021 ecosurvey,0.0044444444444444444,2.6390573296152584,0.011729143687178926
2021,ecosurvey,series,2,2021 ecosurvey,0.0044444444444444444,2.6390573296152584,0.011729143687178926
2021,ecosurvey,sized,2,2021 ecosurvey,0.0044444444444444444,2.6390573296152584,0.011729143687178926
2021,ecosurvey,slowly,2,2021 ecosurvey,0.0044444444444444444,2.6390573296152584,0.011729143687178926
2021,ecosurvey,society,2,2021 ecosurvey,0.0044444444444444444,2.6390573296152584,0.011729143687178926
2021,ecosurvey,stabilised,2,2021 ecosurvey,0.0044444444444444444,2.6390573296152584,0.011729143687178926
2021,ecosurvey,switched,2,2021 ecosurvey,0.0044444444444444444,2.6390573296152584,0.011729143687178926
2021,ecosurvey,views,2,2021 ecosurvey,0.0044444444444444444,2.6390573296152584,0.011729143687178926
2021,ecosurvey,vulnerable,2,2021 ecosurvey,0.0044444444444444444,2.6390573296152584,0.011729143687178926
2021,ecosurvey,economy,6,2021 ecosurvey,0.013333333333333334,0.8472978603872037,0.011297304805162717
2021,ecosurvey,fiscal,15,2021 ecosurvey,0.03333333333333333,0.3364722366212129,0.011215741220707096
2021,prs,revised,38,2021 prs,0.01694915254237288,0.5596157879354227,0.009485013354837672
2021,prs,revenue,41,2021 prs,0.018287243532560213,0.44183275227903923,0.008079903141588138
2021,prs,estimated,38,2021 prs,0.01694915254237288,0.44183275227903923,0.007488690716593885
2021,prs,budgeted,24,2021 prs,0.010704727921498661,0.6931471805599453,0.00741995197744812
2021,prs,expenditure,49,2021 prs,0.021855486173059768,0.3364722366212129,0.007353764315093413
2021,prs,annualised,6,2021 prs,0.0026761819803746653,2.6390573296152584,0.007062597670692038
2021,prs,tax,35,2021 prs,0.015611061552185548,0.44183275227903923,0.006897478291599631
2021,prs,estimate,27,2021 prs,0.012042818911685994,0.5596157879354227,0.006739351594226767
2021,prs,grants,21,2021 prs,0.00936663693131133,0.6931471805599453,0.006492457980267106
2021,prs,gdp,31,2021 prs,0.013826940231935772,0.44183275227903923,0.006109195058273959
2021,prs,actuals,16,2021 prs,0.007136485280999108,0.8472978603872037,0.006046728709275317
2021,prs,deficit,39,2021 prs,0.017395182872435324,0.3364722366212129,0.005852996087523328
2021,prs,allocation,29,2021 prs,0.012934879571810883,0.44183275227903923,0.005715053441611123
2021,prs,subsidy,18,2021 prs,0.008028545941123996,0.6931471805599453,0.005564963983086091
2021,prs,receipts,28,2021 prs,0.012488849241748439,0.44183275227903923,0.005517982633279705
2021,prs,covid,8,2021 prs,0.003568242640499554,1.540445040947149,0.005496681680453699
2021,prs,increase,35,2021 prs,0.015611061552185548,0.3364722366212129,0.005252688796495294
2021,prs,fiscal,33,2021 prs,0.014719000892060661,0.3364722366212129,0.004952535150981279
2021,prs,commission,16,2021 prs,0.007136485280999108,0.6931471805599453,0.004946634651632081
2021,prs,estate,4,2021 prs,0.001784121320249777,2.6390573296152584,0.0047083984471280255
2021,prs,due,12,2021 prs,0.0053523639607493305,0.8472978603872037,0.004535046531956487
2021,prs,sources,12,2021 prs,0.0053523639607493305,0.8472978603872037,0.004535046531956487
2021,prs,criteria,5,2021 prs,0.0022301516503122213,1.9459101490553132,0.004339674730275007
2021,prs,act,17,2021 prs,0.007582515611061552,0.5596157879354227,0.004243295448216853
2021,prs,disinvestment,11,2021 prs,0.004906333630686887,0.8472978603872037,0.00415712598762678
2021,prs,welfare,9,2021 prs,0.004014272970561998,1.0296194171811581,0.004133173396356121
2021,prs,recommendations,6,2021 prs,0.0026761819803746653,1.540445040947149,0.004122511260340273
2021,prs,debt,13,2021 prs,0.005798394290811775,0.6931471805599453,0.004019140654451065
2021,prs,food,13,2021 prs,0.005798394290811775,0.6931471805599453,0.004019140654451065
2021,prs,demographic,3,2021 prs,0.0013380909901873326,2.6390573296152584,0.003531298835346019
2021,prs,internal,3,2021 prs,0.0013380909901873326,2.6390573296152584,0.003531298835346019
2021,prs,performance,3,2021 prs,0.0013380909901873326,2.6390573296152584,0.003531298835346019
2021,prs,record,3,2021 prs,0.0013380909901873326,2.6390573296152584,0.003531298835346019
2021,prs,suggested,3,2021 prs,0.0013380909901873326,2.6390573296152584,0.003531298835346019
2021,prs,vaccination,3,2021 prs,0.0013380909901873326,2.6390573296152584,0.003531298835346019
2021,prs,create,4,2021 prs,0.001784121320249777,1.9459101490553132,0.003471739784220006
2021,prs,recommended,4,2021 prs,0.001784121320249777,1.9459101490553132,0.003471739784220006
2021,prs,population,5,2021 prs,0.0022301516503122213,1.540445040947149,0.0034354260502835617
2021,prs,budgetary,6,2021 prs,0.0026761819803746653,1.252762968495368,0.0033526216819679787
2021,prs,extra,6,2021 prs,0.0026761819803746653,1.252762968495368,0.0033526216819679787
2021,prs,borrowings,17,2021 prs,0.007582515611061552,0.44183275227903923,0.0033502037416341065
2021,prs,allocations,7,2021 prs,0.0031222123104371097,1.0296194171811581,0.003214690419388094
2021,prs,corporation,7,2021 prs,0.0031222123104371097,1.0296194171811581,0.003214690419388094
2021,prs,jal,7,2021 prs,0.0031222123104371097,1.0296194171811581,0.003214690419388094
2021,prs,ministries,7,2021 prs,0.0031222123104371097,1.0296194171811581,0.003214690419388094
2021,prs,report,7,2021 prs,0.0031222123104371097,1.0296194171811581,0.003214690419388094
2021,prs,stage,7,2021 prs,0.0031222123104371097,1.0296194171811581,0.003214690419388094
2021,prs,mission,16,2021 prs,0.007136485280999108,0.44183275227903923,0.0031531329333026885
2021,prs,change,10,2021 prs,0.0044603033006244425,0.6931471805599453,0.0030916466572700504
2021,prs,education,9,2021 prs,0.004014272970561998,0.6931471805599453,0.0027824819915430454
2022,ecosurvey,english,1,2022 ecosurvey,0.0625,2.6390573296152584,0.16494108310095365
2022,ecosurvey,kannada,1,2022 ecosurvey,0.0625,2.6390573296152584,0.16494108310095365
2022,ecosurvey,manipuri,1,2022 ecosurvey,0.0625,2.6390573296152584,0.16494108310095365
2022,ecosurvey,delhi,2,2022 ecosurvey,0.125,1.252762968495368,0.156595371061921
2022,ecosurvey,feb,2,2022 ecosurvey,0.125,1.252762968495368,0.156595371061921
2022,ecosurvey,bengali,1,2022 ecosurvey,0.0625,1.9459101490553132,0.12161938431595708
2022,ecosurvey,gujarati,1,2022 ecosurvey,0.0625,1.9459101490553132,0.12161938431595708
2022,ecosurvey,malayalam,1,2022 ecosurvey,0.0625,1.9459101490553132,0.12161938431595708
2022,ecosurvey,punjabi,1,2022 ecosurvey,0.0625,1.9459101490553132,0.12161938431595708
2022,ecosurvey,telugu,1,2022 ecosurvey,0.0625,1.9459101490553132,0.12161938431595708
2022,ecosurvey,marathi,1,2022 ecosurvey,0.0625,1.540445040947149,0.09627781505919682
2022,ecosurvey,tamil,1,2022 ecosurvey,0.0625,1.0296194171811581,0.06435121357382238
2022,ecosurvey,bureau,1,2022 ecosurvey,0.0625,0.8472978603872037,0.05295611627420023
2022,ecosurvey,information,1,2022 ecosurvey,0.0625,0.24116205681688804,0.015072628551055503
2022,prs,revised,53,2022 prs,0.03414948453608247,0.5596157879354227,0.019110590696248323
2022,prs,estimate,36,2022 prs,0.023195876288659795,0.5596157879354227,0.012980778586130939
2022,prs,estimated,36,2022 prs,0.023195876288659795,0.44183275227903923,0.010248697862142662
2022,prs,budgeted,22,2022 prs,0.014175257731958763,0.6931471805599453,0.009825539930617782
2022,prs,expenditure,44,2022 prs,0.028350515463917526,0.3364722366212129,0.009539161347508613
2022,prs,tax,30,2022 prs,0.019329896907216496,0.44183275227903923,0.008540581551785553
2022,prs,revenue,29,2022 prs,0.018685567010309278,0.44183275227903923,0.008255895500059366
2022,prs,gdp,27,2022 prs,0.017396907216494846,0.44183275227903923,0.007686523396606997
2022,prs,subsidy,17,2022 prs,0.01095360824742268,0.6931471805599453,0.007592462673659194
2022,prs,digital,6,2022 prs,0.003865979381443299,1.9459101490553132,0.007522848514389098
2022,prs,receipts,25,2022 prs,0.01610824742268041,0.44183275227903923,0.007117151293154626
2022,prs,increase,31,2022 prs,0.01997422680412371,0.3364722366212129,0.0067207727675628855
2022,prs,estimates,18,2022 prs,0.011597938144329897,0.5596157879354227,0.0064903892930654695
2022,prs,decrease,11,2022 prs,0.007087628865979381,0.8472978603872037,0.006005332773362912
2022,prs,deficit,27,2022 prs,0.017396907216494846,0.3364722366212129,0.00585357628142574
2022,prs,ministries,8,2022 prs,0.005154639175257732,1.0296194171811581,0.005307316583408031
2022,prs,stage,8,2022 prs,0.005154639175257732,1.0296194171811581,0.005307316583408031
2022,prs,allocation,18,2022 prs,0.011597938144329897,0.44183275227903923,0.005124348931071331
2022,prs,ecosystem,3,2022 prs,0.0019329896907216496,2.6390573296152584,0.0051012706113697
2022,prs,ltcg,3,2022 prs,0.0019329896907216496,2.6390573296152584,0.0051012706113697
2022,prs,replaced,4,2022 prs,0.002577319587628866,1.9459101490553132,0.005015232342926065
2022,prs,sources,9,2022 prs,0.005798969072164949,0.8472978603872037,0.004913454087296929
2022,prs,scheme,17,2022 prs,0.01095360824742268,0.44183275227903923,0.004839662879345146
2022,prs,income,13,2022 prs,0.008376288659793814,0.5596157879354227,0.0046875033783250605
2022,prs,subsidies,10,2022 prs,0.006443298969072165,0.6931471805599453,0.004466154513917173
2022,prs,actuals,8,2022 prs,0.005154639175257732,0.8472978603872037,0.004367514744263936
2022,prs,change,9,2022 prs,0.005798969072164949,0.6931471805599453,0.004019539062525456
2022,prs,food,9,2022 prs,0.005798969072164949,0.6931471805599453,0.004019539062525456
2022,prs,allocations,6,2022 prs,0.003865979381443299,1.0296194171811581,0.003980487437556024
2022,prs,highways,6,2022 prs,0.003865979381443299,1.0296194171811581,0.003980487437556024
2022,prs,mantri,6,2022 prs,0.003865979381443299,1.0296194171811581,0.003980487437556024
2022,prs,pradhan,6,2022 prs,0.003865979381443299,1.0296194171811581,0.003980487437556024
2022,prs,transport,6,2022 prs,0.003865979381443299,1.0296194171811581,0.003980487437556024
2022,prs,welfare,6,2022 prs,0.003865979381443299,1.0296194171811581,0.003980487437556024
2022,prs,poshan,4,2022 prs,0.002577319587628866,1.540445040947149,0.003970219177698838
2022,prs,surcharge,4,2022 prs,0.002577319587628866,1.540445040947149,0.003970219177698838
2022,prs,loans,11,2022 prs,0.007087628865979381,0.5596157879354227,0.003966349012428897
2022,prs,operatives,3,2022 prs,0.0019329896907216496,1.9459101490553132,0.003761424257194549
2022,prs,borrowings,13,2022 prs,0.008376288659793814,0.44183275227903923,0.003700918672440406
2022,prs,fiscal,17,2022 prs,0.01095360824742268,0.3364722366212129,0.003685585066082873
2022,prs,health,10,2022 prs,0.006443298969072165,0.5596157879354227,0.003605771829480816
2022,prs,expected,12,2022 prs,0.007731958762886598,0.44183275227903923,0.003416232620714221
2022,prs,east,2,2022 prs,0.001288659793814433,2.6390573296152584,0.003400847074246467
2022,prs,ebr,2,2022 prs,0.001288659793814433,2.6390573296152584,0.003400847074246467
2022,prs,forestry,2,2022 prs,0.001288659793814433,2.6390573296152584,0.003400847074246467
2022,prs,gatishakti,2,2022 prs,0.001288659793814433,2.6390573296152584,0.003400847074246467
2022,prs,insolvency,2,2022 prs,0.001288659793814433,2.6390573296152584,0.003400847074246467
2022,prs,linking,2,2022 prs,0.001288659793814433,2.6390573296152584,0.003400847074246467
2022,prs,mental,2,2022 prs,0.001288659793814433,2.6390573296152584,0.003400847074246467
2022,prs,river,2,2022 prs,0.001288659793814433,2.6390573296152584,0.003400847074246467
2023,ecosurvey,waste,38,2023 ecosurvey,0.0628099173553719,1.540445040947149,0.09675522571238292
2023,ecosurvey,plants,16,2023 ecosurvey,0.026446280991735537,2.6390573296152584,0.06979325169230435
2023,ecosurvey,million,14,2023 ecosurvey,0.023140495867768594,2.6390573296152584,0.061069095230766306
2023,ecosurvey,bio,16,2023 ecosurvey,0.026446280991735537,1.9459101490553132,0.0514620865865868
2023,ecosurvey,eil,10,2023 ecosurvey,0.01652892561983471,2.6390573296152584,0.043620782307690224
2023,ecosurvey,methanation,10,2023 ecosurvey,0.01652892561983471,2.6390573296152584,0.043620782307690224
2023,ecosurvey,solid,12,2023 ecosurvey,0.019834710743801654,1.9459101490553132,0.0385965649399401
2023,ecosurvey,mohua,8,2023 ecosurvey,0.013223140495867768,2.6390573296152584,0.03489662584615218
2023,ecosurvey,cng,6,2023 ecosurvey,0.009917355371900827,2.6390573296152584,0.026172469384614136
2023,ecosurvey,gobardhan,6,2023 ecosurvey,0.009917355371900827,2.6390573296152584,0.026172469384614136
2023,ecosurvey,municipal,8,2023 ecosurvey,0.013223140495867768,1.540445040947149,0.02036952120260693
2023,ecosurvey,circularity,4,2023 ecosurvey,0.006611570247933884,2.6390573296152584,0.01744831292307609
2023,ecosurvey,dry,4,2023 ecosurvey,0.006611570247933884,2.6390573296152584,0.01744831292307609
2023,ecosurvey,fraction,4,2023 ecosurvey,0.006611570247933884,2.6390573296152584,0.01744831292307609
2023,ecosurvey,handhold,4,2023 ecosurvey,0.006611570247933884,2.6390573296152584,0.01744831292307609
2023,ecosurvey,mou,4,2023 ecosurvey,0.006611570247933884,2.6390573296152584,0.01744831292307609
2023,ecosurvey,processing,4,2023 ecosurvey,0.006611570247933884,2.6390573296152584,0.01744831292307609
2023,ecosurvey,renewable,4,2023 ecosurvey,0.006611570247933884,2.6390573296152584,0.01744831292307609
2023,ecosurvey,signed,4,2023 ecosurvey,0.006611570247933884,2.6390573296152584,0.01744831292307609
2023,ecosurvey,tpd,4,2023 ecosurvey,0.006611570247933884,2.6390573296152584,0.01744831292307609
2023,ecosurvey,wet,4,2023 ecosurvey,0.006611570247933884,2.6390573296152584,0.01744831292307609
2023,ecosurvey,assist,4,2023 ecosurvey,0.006611570247933884,1.9459101490553132,0.0128655216466467
2023,ecosurvey,director,4,2023 ecosurvey,0.006611570247933884,1.9459101490553132,0.0128655216466467
2023,ecosurvey,process,4,2023 ecosurvey,0.006611570247933884,1.9459101490553132,0.0128655216466467
2023,ecosurvey,scale,4,2023 ecosurvey,0.006611570247933884,1.9459101490553132,0.0128655216466467
2023,ecosurvey,secretary,4,2023 ecosurvey,0.006611570247933884,1.9459101490553132,0.0128655216466467
2023,ecosurvey,statutory,4,2023 ecosurvey,0.006611570247933884,1.9459101490553132,0.0128655216466467
2023,ecosurvey,wealth,4,2023 ecosurvey,0.006611570247933884,1.9459101490553132,0.0128655216466467
2023,ecosurvey,management,10,2023 ecosurvey,0.01652892561983471,0.6931471805599453,0.011456978191073476
2023,ecosurvey,projects,12,2023 ecosurvey,0.019834710743801654,0.5596157879354227,0.011099817281363757
2023,ecosurvey,develop,4,2023 ecosurvey,0.006611570247933884,1.540445040947149,0.010184760601303465
2023,ecosurvey,phase,4,2023 ecosurvey,0.006611570247933884,1.540445040947149,0.010184760601303465
2023,ecosurvey,cities,16,2023 ecosurvey,0.026446280991735537,0.3364722366212129,0.008898439315602325
2023,ecosurvey,energy,12,2023 ecosurvey,0.019834710743801654,0.44183275227903923,0.008763624838592514
2023,ecosurvey,agenda,2,2023 ecosurvey,0.003305785123966942,2.6390573296152584,0.008724156461538044
2023,ecosurvey,aiming,2,2023 ecosurvey,0.003305785123966942,2.6390573296152584,0.008724156461538044
2023,ecosurvey,ambit,2,2023 ecosurvey,0.003305785123966942,2.6390573296152584,0.008724156461538044
2023,ecosurvey,amrit,2,2023 ecosurvey,0.003305785123966942,2.6390573296152584,0.008724156461538044
2023,ecosurvey,bareilly,2,2023 ecosurvey,0.003305785123966942,2.6390573296152584,0.008724156461538044
2023,ecosurvey,bench,2,2023 ecosurvey,0.003305785123966942,2.6390573296152584,0.008724156461538044
2023,ecosurvey,biggest,2,2023 ecosurvey,0.003305785123966942,2.6390573296152584,0.008724156461538044
2023,ecosurvey,biogas,2,2023 ecosurvey,0.003305785123966942,2.6390573296152584,0.008724156461538044
2023,ecosurvey,carrying,2,2023 ecosurvey,0.003305785123966942,2.6390573296152584,0.008724156461538044
2023,ecosurvey,chennai,2,2023 ecosurvey,0.003305785123966942,2.6390573296152584,0.008724156461538044
2023,ecosurvey,circular,2,2023 ecosurvey,0.003305785123966942,2.6390573296152584,0.008724156461538044
2023,ecosurvey,cluster,2,2023 ecosurvey,0.003305785123966942,2.6390573296152584,0.008724156461538044
2023,ecosurvey,coimbatore,2,2023 ecosurvey,0.003305785123966942,2.6390573296152584,0.008724156461538044
2023,ecosurvey,compressed,2,2023 ecosurvey,0.003305785123966942,2.6390573296152584,0.008724156461538044
2023,ecosurvey,conceptualized,2,2023 ecosurvey,0.003305785123966942,2.6390573296152584,0.008724156461538044
2023,ecosurvey,decided,2,2023 ecosurvey,0.003305785123966942,2.6390573296152584,0.008724156461538044
2023,prs,revised,55,2023 prs,0.031718569780853516,0.5596157879354227,0.017750212420097028
2023,prs,estimate,38,2023 prs,0.02191464821222607,0.5596157879354227,0.012263783126612493
2023,prs,tax,39,2023 prs,0.02249134948096886,0.44183275227903923,0.009937414843646212
2023,prs,budgeted,24,2023 prs,0.01384083044982699,0.6931471805599453,0.009593732602905818
2023,prs,expenditure,49,2023 prs,0.02825836216839677,0.3364722366212129,0.00950815432205273
2023,prs,estimated,37,2023 prs,0.021337946943483274,0.44183275227903923,0.009427803826023328
2023,prs,increase,43,2023 prs,0.024798154555940023,0.3364722366212129,0.00834389052751566
2023,prs,revenue,31,2023 prs,0.01787773933102653,0.44183275227903923,0.00789897077315468
2023,prs,estimates,23,2023 prs,0.0132641291810842,0.5596157879354227,0.007422816102949667
2023,prs,receipts,28,2023 prs,0.016147635524798153,0.44183275227903923,0.007134554246720356
2023,prs,gdp,27,2023 prs,0.015570934256055362,0.44183275227903923,0.006879748737908915
2023,prs,deficit,31,2023 prs,0.01787773933102653,0.3364722366212129,0.006015362938441523
2023,prs,sources,12,2023 prs,0.006920415224913495,0.8472978603872037,0.005863653013060233
2023,prs,income,18,2023 prs,0.010380622837370242,0.5596157879354227,0.00580916042839539
2023,prs,allocation,21,2023 prs,0.012110726643598616,0.44183275227903923,0.005350915685040267
2023,prs,subsidy,12,2023 prs,0.006920415224913495,0.6931471805599453,0.004796866301452909
2023,prs,ministries,8,2023 prs,0.00461361014994233,1.0296194171811581,0.004750262593684698
2023,prs,presumptive,3,2023 prs,0.0017301038062283738,2.6390573296152584,0.004565843130822246
2023,prs,expected,17,2023 prs,0.00980392156862745,0.44183275227903923,0.004331693649794502
2023,prs,jal,7,2023 prs,0.004036908881199538,1.0296194171811581,0.00415647976947411
2023,prs,transport,7,2023 prs,0.004036908881199538,1.0296194171811581,0.00415647976947411
2023,prs,welfare,7,2023 prs,0.004036908881199538,1.0296194171811581,0.00415647976947411
2023,prs,subsidies,10,2023 prs,0.0057670126874279125,0.6931471805599453,0.00399738858454409
2023,prs,actuals,8,2023 prs,0.00461361014994233,0.8472978603872037,0.003909102008706822
2023,prs,target,8,2023 prs,0.00461361014994233,0.8472978603872037,0.003909102008706822
2023,prs,scheme,15,2023 prs,0.00865051903114187,0.44183275227903923,0.00382208263217162
2023,prs,fiscal,19,2023 prs,0.010957324106113034,0.3364722366212129,0.0036868353493673847
2023,prs,allocations,6,2023 prs,0.0034602076124567475,1.0296194171811581,0.003562696945263523
2023,prs,capital,18,2023 prs,0.010380622837370242,0.3364722366212129,0.0034927913836112065
2023,prs,disinvestment,7,2023 prs,0.004036908881199538,0.8472978603872037,0.003420464257618469
2023,prs,scheduled,7,2023 prs,0.004036908881199538,0.8472978603872037,0.003420464257618469
2023,prs,taxes,7,2023 prs,0.004036908881199538,0.8472978603872037,0.003420464257618469
2023,prs,charitable,3,2023 prs,0.0017301038062283738,1.9459101490553132,0.0033666265554590197
2023,prs,taxation,3,2023 prs,0.0017301038062283738,1.9459101490553132,0.0033666265554590197
2023,prs,borrowings,13,2023 prs,0.007497116493656286,0.44183275227903923,0.003312471614548737
2023,prs,change,8,2023 prs,0.00461361014994233,0.6931471805599453,0.0031979108676352726
2023,prs,food,8,2023 prs,0.00461361014994233,0.6931471805599453,0.0031979108676352726
2023,prs,actions,2,2023 prs,0.0011534025374855825,2.6390573296152584,0.0030438954205481645
2023,prs,ancillary,2,2023 prs,0.0011534025374855825,2.6390573296152584,0.0030438954205481645
2023,prs,borrowers,2,2023 prs,0.0011534025374855825,2.6390573296152584,0.0030438954205481645
2023,prs,bridges,2,2023 prs,0.0011534025374855825,2.6390573296152584,0.0030438954205481645
2023,prs,charges,2,2023 prs,0.0011534025374855825,2.6390573296152584,0.0030438954205481645
2023,prs,excellence,2,2023 prs,0.0011534025374855825,2.6390573296152584,0.0030438954205481645
2023,prs,games,2,2023 prs,0.0011534025374855825,2.6390573296152584,0.0030438954205481645
2023,prs,gift,2,2023 prs,0.0011534025374855825,2.6390573296152584,0.0030438954205481645
2023,prs,incentivise,2,2023 prs,0.0011534025374855825,2.6390573296152584,0.0030438954205481645
2023,prs,input,2,2023 prs,0.0011534025374855825,2.6390573296152584,0.0030438954205481645
2023,prs,kyc,2,2023 prs,0.0011534025374855825,2.6390573296152584,0.0030438954205481645
2023,prs,msme,2,2023 prs,0.0011534025374855825,2.6390573296152584,0.0030438954205481645
2023,prs,news,2,2023 prs,0.0011534025374855825,2.6390573296152584,0.0030438954205481645
2024,ecosurvey,mobility,29,2024 ecosurvey,0.05025996533795494,2.6390573296152584,0.1326389299113388
2024,ecosurvey,expo,15,2024 ecosurvey,0.025996533795493933,2.6390573296152584,0.06860634305758904
2024,ecosurvey,goyal,15,2024 ecosurvey,0.025996533795493933,2.6390573296152584,0.06860634305758904
2024,ecosurvey,shri,17,2024 ecosurvey,0.029462738301559793,1.9459101490553132,0.0573318414799659
2024,ecosurvey,prime,23,2024 ecosurvey,0.03986135181975736,1.252762968495368,0.04993682543395747
2024,ecosurvey,world,10,2024 ecosurvey,0.01733102253032929,2.6390573296152584,0.045737562038392694
2024,ecosurvey,largest,8,2024 ecosurvey,0.01386481802426343,2.6390573296152584,0.036590049630714154
2024,ecosurvey,global,13,2024 ecosurvey,0.022530329289428077,1.540445040947149,0.034706734024805785
2024,ecosurvey,modi,9,2024 ecosurvey,0.01559792027729636,1.9459101490553132,0.030352151371746655
2024,ecosurvey,country,9,2024 ecosurvey,0.01559792027729636,1.540445040947149,0.02402773894025016
2024,ecosurvey,automotive,5,2024 ecosurvey,0.008665511265164644,2.6390573296152584,0.022868781019196347
2024,ecosurvey,moving,5,2024 ecosurvey,0.008665511265164644,2.6390573296152584,0.022868781019196347
2024,ecosurvey,event,4,2024 ecosurvey,0.006932409012131715,2.6390573296152584,0.018295024815357077
2024,ecosurvey,fast,4,2024 ecosurvey,0.006932409012131715,2.6390573296152584,0.018295024815357077
2024,ecosurvey,hai,4,2024 ecosurvey,0.006932409012131715,2.6390573296152584,0.018295024815357077
2024,ecosurvey,move,4,2024 ecosurvey,0.006932409012131715,2.6390573296152584,0.018295024815357077
2024,ecosurvey,samay,4,2024 ecosurvey,0.006932409012131715,2.6390573296152584,0.018295024815357077
2024,ecosurvey,narendra,5,2024 ecosurvey,0.008665511265164644,1.9459101490553132,0.01686230631763703
2024,ecosurvey,bharat,18,2024 ecosurvey,0.03119584055459272,0.44183275227903923,0.013783344091893772
2024,ecosurvey,capabilities,3,2024 ecosurvey,0.005199306759098787,2.6390573296152584,0.013721268611517809
2024,ecosurvey,conferences,3,2024 ecosurvey,0.005199306759098787,2.6390573296152584,0.013721268611517809
2024,ecosurvey,enabling,3,2024 ecosurvey,0.005199306759098787,2.6390573296152584,0.013721268611517809
2024,ecosurvey,exhibition,3,2024 ecosurvey,0.005199306759098787,2.6390573296152584,0.013721268611517809
2024,ecosurvey,feature,3,2024 ecosurvey,0.005199306759098787,2.6390573296152584,0.013721268611517809
2024,ecosurvey,mandapam,3,2024 ecosurvey,0.005199306759098787,2.6390573296152584,0.013721268611517809
2024,ecosurvey,piyush,3,2024 ecosurvey,0.005199306759098787,2.6390573296152584,0.013721268611517809
2024,ecosurvey,praised,3,2024 ecosurvey,0.005199306759098787,2.6390573296152584,0.013721268611517809
2024,ecosurvey,prudent,3,2024 ecosurvey,0.005199306759098787,2.6390573296152584,0.013721268611517809
2024,ecosurvey,showcased,3,2024 ecosurvey,0.005199306759098787,2.6390573296152584,0.013721268611517809
2024,ecosurvey,speaking,3,2024 ecosurvey,0.005199306759098787,2.6390573296152584,0.013721268611517809
2024,ecosurvey,vision,4,2024 ecosurvey,0.006932409012131715,1.9459101490553132,0.013489845054109623
2024,ecosurvey,delhi,6,2024 ecosurvey,0.010398613518197574,1.252762968495368,0.013026997939293256
2024,ecosurvey,entire,4,2024 ecosurvey,0.006932409012131715,1.540445040947149,0.010678995084555625
2024,ecosurvey,efforts,3,2024 ecosurvey,0.005199306759098787,1.9459101490553132,0.010117383790582218
2024,ecosurvey,scale,3,2024 ecosurvey,0.005199306759098787,1.9459101490553132,0.010117383790582218
2024,ecosurvey,viksit,3,2024 ecosurvey,0.005199306759098787,1.9459101490553132,0.010117383790582218
2024,ecosurvey,ability,2,2024 ecosurvey,0.0034662045060658577,2.6390573296152584,0.0091475124076785385
2024,ecosurvey,addressed,2,2024 ecosurvey,0.0034662045060658577,2.6390573296152584,0.0091475124076785385
2024,ecosurvey,addresses,2,2024 ecosurvey,0.0034662045060658577,2.6390573296152584,0.0091475124076785385
2024,ecosurvey,addressing,2,2024 ecosurvey,0.0034662045060658577,2.6390573296152584,0.0091475124076785385
2024,ecosurvey,attractions,2,2024 ecosurvey,0.0034662045060658577,2.6390573296152584,0.0091475124076785385
2024,ecosurvey,brings,2,2024 ecosurvey,0.0034662045060658577,2.6390573296152584,0.0091475124076785385
2024,ecosurvey,call,2,2024 ecosurvey,0.0034662045060658577,2.6390573296152584,0.0091475124076785385
2024,ecosurvey,centric,2,2024 ecosurvey,0.0034662045060658577,2.6390573296152584,0.0091475124076785385
2024,ecosurvey,chain,2,2024 ecosurvey,0.0034662045060658577,2.6390573296152584,0.0091475124076785385
2024,ecosurvey,congratulated,2,2024 ecosurvey,0.0034662045060658577,2.6390573296152584,0.0091475124076785385
2024,ecosurvey,delight,2,2024 ecosurvey,0.0034662045060658577,2.6390573296152584,0.0091475124076785385
2024,ecosurvey,emphasised,2,2024 ecosurvey,0.0034662045060658577,2.6390573296152584,0.0091475124076785385
2024,ecosurvey,era,2,2024 ecosurvey,0.0034662045060658577,2.6390573296152584,0.0091475124076785385
2024,ecosurvey,exhibitions,2,2024 ecosurvey,0.0034662045060658577,2.6390573296152584,0.0091475124076785385
2024,prs,actuals,13,2024 prs,0.01875901875901876,0.8472978603872037,0.015894476457480013
2024,prs,tax,23,2024 prs,0.03318903318903319,0.44183275227903923,0.014664001879390914
2024,prs,epfo,3,2024 prs,0.004329004329004329,2.6390573296152584,0.011424490604395057
2024,prs,unlisted,3,2024 prs,0.004329004329004329,2.6390573296152584,0.011424490604395057
2024,prs,shares,5,2024 prs,0.007215007215007215,1.540445040947149,0.011114322084755766
2024,prs,gdp,15,2024 prs,0.021645021645021644,0.44183275227903923,0.00956347948655929
2024,prs,equity,6,2024 prs,0.008658008658008658,1.0296194171811581,0.008914453828408296
2024,prs,held,3,2024 prs,0.004329004329004329,1.9459101490553132,0.00842385345911391
2024,prs,levy,3,2024 prs,0.004329004329004329,1.9459101490553132,0.00842385345911391
2024,prs,receipts,13,2024 prs,0.01875901875901876,0.44183275227903923,0.008288348888351386
2024,prs,benamidar,2,2024 prs,0.002886002886002886,2.6390573296152584,0.007616327069596705
2024,prs,classified,2,2024 prs,0.002886002886002886,2.6390573296152584,0.007616327069596705
2024,prs,equalisation,2,2024 prs,0.002886002886002886,2.6390573296152584,0.007616327069596705
2024,prs,indexation,2,2024 prs,0.002886002886002886,2.6390573296152584,0.007616327069596705
2024,prs,internship,2,2024 prs,0.002886002886002886,2.6390573296152584,0.007616327069596705
2024,prs,invits,2,2024 prs,0.002886002886002886,2.6390573296152584,0.007616327069596705
2024,prs,proceeds,2,2024 prs,0.002886002886002886,2.6390573296152584,0.007616327069596705
2024,prs,reits,2,2024 prs,0.002886002886002886,2.6390573296152584,0.007616327069596705
2024,prs,training,2,2024 prs,0.002886002886002886,2.6390573296152584,0.007616327069596705
2024,prs,term,7,2024 prs,0.010101010101010102,0.6931471805599453,0.0070014866723226805
2024,prs,expenditure,14,2024 prs,0.020202020202020204,0.3364722366212129,0.006797418921640665
2024,prs,mutual,3,2024 prs,0.004329004329004329,1.540445040947149,0.006668593250853459
2024,prs,assets,8,2024 prs,0.011544011544011544,0.5596157879354227,0.0064602111161376355
2024,prs,revenue,10,2024 prs,0.01443001443001443,0.44183275227903923,0.006375652991039527
2024,prs,capital,13,2024 prs,0.01875901875901876,0.3364722366212129,0.006311888998666332
2024,prs,gains,5,2024 prs,0.007215007215007215,0.8472978603872037,0.00611326017595385
2024,prs,payment,6,2024 prs,0.008658008658008658,0.6931471805599453,0.0060012742905622965
2024,prs,listed,4,2024 prs,0.005772005772005772,1.0296194171811581,0.005942969218938864
2024,prs,lower,7,2024 prs,0.010101010101010102,0.5596157879354227,0.005652684726620431
2024,prs,andhra,2,2024 prs,0.002886002886002886,1.9459101490553132,0.00561590230607594
2024,prs,deducted,2,2024 prs,0.002886002886002886,1.9459101490553132,0.00561590230607594
2024,prs,employee,2,2024 prs,0.002886002886002886,1.9459101490553132,0.00561590230607594
2024,prs,employer,2,2024 prs,0.002886002886002886,1.9459101490553132,0.00561590230607594
2024,prs,formulated,2,2024 prs,0.002886002886002886,1.9459101490553132,0.00561590230607594
2024,prs,immunity,2,2024 prs,0.002886002886002886,1.9459101490553132,0.00561590230607594
2024,prs,operator,2,2024 prs,0.002886002886002886,1.9459101490553132,0.00561590230607594
2024,prs,opportunities,2,2024 prs,0.002886002886002886,1.9459101490553132,0.00561590230607594
2024,prs,pradesh,2,2024 prs,0.002886002886002886,1.9459101490553132,0.00561590230607594
2024,prs,provision,2,2024 prs,0.002886002886002886,1.9459101490553132,0.00561590230607594
2024,prs,skilling,2,2024 prs,0.002886002886002886,1.9459101490553132,0.00561590230607594
2024,prs,youth,2,2024 prs,0.002886002886002886,1.9459101490553132,0.00561590230607594
2024,prs,property,3,2024 prs,0.004329004329004329,1.252762968495368,0.0054232163138327625
2024,prs,regime,3,2024 prs,0.004329004329004329,1.252762968495368,0.0054232163138327625
2024,prs,sale,3,2024 prs,0.004329004329004329,1.252762968495368,0.0054232163138327625
2024,prs,deficit,11,2024 prs,0.015873015873015872,0.3364722366212129,0.005340829152717665
2024,prs,increased,8,2024 prs,0.011544011544011544,0.44183275227903923,0.005100522392831622
2024,prs,loans,6,2024 prs,0.008658008658008658,0.5596157879354227,0.004845158337103227
2024,prs,estimated,7,2024 prs,0.010101010101010102,0.44183275227903923,0.00446295709372767
2024,prs,proposed,7,2024 prs,0.010101010101010102,0.44183275227903923,0.00446295709372767
2024,prs,announced,3,2024 prs,0.004329004329004329,1.0296194171811581,0.004457226914204148
2025,ecosurvey,jaipur,2,2025 ecosurvey,0.3333333333333333,2.6390573296152584,0.8796857765384194
2025,ecosurvey,jan,2,2025 ecosurvey,0.3333333333333333,1.0296194171811581,0.3432064723937194
2025,ecosurvey,bureau,1,2025 ecosurvey,0.16666666666666666,0.8472978603872037,0.14121631006453395
2025,ecosurvey,information,1,2025 ecosurvey,0.16666666666666666,0.24116205681688804,0.04019367613614801
2025,prs,revised,16,2025 prs,0.024279210925644917,0.5596157879354227,0.013587029752605104
2025,prs,tax,19,2025 prs,0.028831562974203338,0.44183275227903923,0.012738728821398702
2025,prs,estimate,15,2025 prs,0.02276176024279211,0.5596157879354227,0.012737840393067284
2025,prs,tcs,4,2025 prs,0.006069802731411229,1.9459101490553132,0.011811290737816773
2025,prs,improve,4,2025 prs,0.006069802731411229,1.540445040947149,0.009350197517129889
2025,prs,income,11,2025 prs,0.01669195751138088,0.5596157879354227,0.009341082954916008
2025,prs,nuclear,3,2025 prs,0.004552352048558422,1.9459101490553132,0.00885846805336258
2025,prs,productivity,3,2025 prs,0.004552352048558422,1.9459101490553132,0.00885846805336258
2025,prs,gdp,13,2025 prs,0.019726858877086494,0.44183275227903923,0.008715972351483322
2025,prs,cards,2,2025 prs,0.0030349013657056147,2.6390573296152584,0.00800927869382476
2025,prs,formulate,2,2025 prs,0.0030349013657056147,2.6390573296152584,0.00800927869382476
2025,prs,iits,2,2025 prs,0.0030349013657056147,2.6390573296152584,0.00800927869382476
2025,prs,remittances,2,2025 prs,0.0030349013657056147,2.6390573296152584,0.00800927869382476
2025,prs,seats,2,2025 prs,0.0030349013657056147,2.6390573296152584,0.00800927869382476
2025,prs,regime,4,2025 prs,0.006069802731411229,1.252762968495368,0.007604024087984025
2025,prs,estimated,10,2025 prs,0.015174506828528073,0.44183275227903923,0.006704594116525633
2025,prs,credit,6,2025 prs,0.009104704097116844,0.6931471805599453,0.006310899974749123
2025,prs,financial,6,2025 prs,0.009104704097116844,0.6931471805599453,0.006310899974749123
2025,prs,limit,6,2025 prs,0.009104704097116844,0.6931471805599453,0.006310899974749123
2025,prs,connectivity,2,2025 prs,0.0030349013657056147,1.9459101490553132,0.005905645368908387
2025,prs,micro,2,2025 prs,0.0030349013657056147,1.9459101490553132,0.005905645368908387
2025,prs,pulses,2,2025 prs,0.0030349013657056147,1.9459101490553132,0.005905645368908387
2025,prs,regulations,2,2025 prs,0.0030349013657056147,1.9459101490553132,0.005905645368908387
2025,prs,workers,2,2025 prs,0.0030349013657056147,1.9459101490553132,0.005905645368908387
2025,prs,startups,3,2025 prs,0.004552352048558422,1.252762968495368,0.005703018065988019
2025,prs,tds,3,2025 prs,0.004552352048558422,1.252762968495368,0.005703018065988019
2025,prs,development,8,2025 prs,0.012139605462822459,0.44183275227903923,0.005363675293220507
2025,prs,receipts,8,2025 prs,0.012139605462822459,0.44183275227903923,0.005363675293220507
2025,prs,scheme,8,2025 prs,0.012139605462822459,0.44183275227903923,0.005363675293220507
2025,prs,expenditure,10,2025 prs,0.015174506828528073,0.3364722366212129,0.005105800252218708
2025,prs,launched,6,2025 prs,0.009104704097116844,0.5596157879354227,0.005095136157226914
2025,prs,lower,6,2025 prs,0.009104704097116844,0.5596157879354227,0.005095136157226914
2025,prs,increased,7,2025 prs,0.010622154779969651,0.44183275227903923,0.004693215881567943
2025,prs,modified,3,2025 prs,0.004552352048558422,1.0296194171811581,0.004687190063040174
2025,prs,committee,2,2025 prs,0.0030349013657056147,1.540445040947149,0.004675098758564944
2025,prs,ifsc,2,2025 prs,0.0030349013657056147,1.540445040947149,0.004675098758564944
2025,prs,incorporated,2,2025 prs,0.0030349013657056147,1.540445040947149,0.004675098758564944
2025,prs,limits,2,2025 prs,0.0030349013657056147,1.540445040947149,0.004675098758564944
2025,prs,mechanism,2,2025 prs,0.0030349013657056147,1.540445040947149,0.004675098758564944
2025,prs,similar,2,2025 prs,0.0030349013657056147,1.540445040947149,0.004675098758564944
2025,prs,slab,2,2025 prs,0.0030349013657056147,1.540445040947149,0.004675098758564944
2025,prs,started,2,2025 prs,0.0030349013657056147,1.540445040947149,0.004675098758564944
2025,prs,units,2,2025 prs,0.0030349013657056147,1.540445040947149,0.004675098758564944
2025,prs,upto,2,2025 prs,0.0030349013657056147,1.540445040947149,0.004675098758564944
2025,prs,transfer,4,2025 prs,0.006069802731411229,0.6931471805599453,0.004207266649832749
2025,prs,adding,1,2025 prs,0.0015174506828528073,2.6390573296152584,0.00400463934691238
2025,prs,aidc,1,2025 prs,0.0015174506828528073,2.6390573296152584,0.00400463934691238
2025,prs,applied,1,2025 prs,0.0015174506828528073,2.6390573296152584,0.00400463934691238
2025,prs,atomic,1,2025 prs,0.0015174506828528073,2.6390573296152584,0.00400463934691238
2025,prs,augmenting,1,2025 prs,0.0015174506828528073,2.6390573296152584,0.00400463934691238
2026,prs,mat,5,2026 prs,0.008576329331046312,2.6390573296152584,0.0226334247822921
2026,prs,residents,4,2026 prs,0.00686106346483705,1.9459101490553132,0.013351013029539028
2026,prs,units,5,2026 prs,0.008576329331046312,1.540445040947149,0.013211363987539873
2026,prs,tax,16,2026 prs,0.0274442538593482,0.44183275227903923,0.012125770216920458
2026,prs,corridors,3,2026 prs,0.005145797598627788,1.9459101490553132,0.010013259772154271
2026,prs,disclosure,3,2026 prs,0.005145797598627788,1.9459101490553132,0.010013259772154271
2026,prs,tcs,3,2026 prs,0.005145797598627788,1.9459101490553132,0.010013259772154271
2026,prs,buybacks,2,2026 prs,0.003430531732418525,2.6390573296152584,0.009053369912916838
2026,prs,depending,2,2026 prs,0.003430531732418525,2.6390573296152584,0.009053369912916838
2026,prs,electronics,2,2026 prs,0.003430531732418525,2.6390573296152584,0.009053369912916838
2026,prs,handloom,2,2026 prs,0.003430531732418525,2.6390573296152584,0.009053369912916838
2026,prs,instruments,2,2026 prs,0.003430531732418525,2.6390573296152584,0.009053369912916838
2026,prs,issuance,2,2026 prs,0.003430531732418525,2.6390573296152584,0.009053369912916838
2026,prs,proi,2,2026 prs,0.003430531732418525,2.6390573296152584,0.009053369912916838
2026,prs,promoters,2,2026 prs,0.003430531732418525,2.6390573296152584,0.009053369912916838
2026,prs,stt,2,2026 prs,0.003430531732418525,2.6390573296152584,0.009053369912916838
2026,prs,supplying,2,2026 prs,0.003430531732418525,2.6390573296152584,0.009053369912916838
2026,prs,tourism,2,2026 prs,0.003430531732418525,2.6390573296152584,0.009053369912916838
2026,prs,foreign,5,2026 prs,0.008576329331046312,1.0296194171811581,0.008830355207385576
2026,prs,scheme,11,2026 prs,0.018867924528301886,0.44183275227903923,0.008336467024132816
2026,prs,committee,3,2026 prs,0.005145797598627788,1.540445040947149,0.007926818392523923
2026,prs,mutual,3,2026 prs,0.005145797598627788,1.540445040947149,0.007926818392523923
2026,prs,income,8,2026 prs,0.0137221269296741,0.5596157879354227,0.007679118873899453
2026,prs,bond,2,2026 prs,0.003430531732418525,1.9459101490553132,0.006675506514769514
2026,prs,dedicated,2,2026 prs,0.003430531732418525,1.9459101490553132,0.006675506514769514
2026,prs,prosecution,2,2026 prs,0.003430531732418525,1.9459101490553132,0.006675506514769514
2026,prs,strengthen,2,2026 prs,0.003430531732418525,1.9459101490553132,0.006675506514769514
2026,prs,taxed,2,2026 prs,0.003430531732418525,1.9459101490553132,0.006675506514769514
2026,prs,taxpayers,2,2026 prs,0.003430531732418525,1.9459101490553132,0.006675506514769514
2026,prs,medical,3,2026 prs,0.005145797598627788,1.252762968495368,0.006446464674933284
2026,prs,established,6,2026 prs,0.010291595197255575,0.5596157879354227,0.00575933915542459
2026,prs,gdp,7,2026 prs,0.012006861063464836,0.44183275227903923,0.0053050244699027
2026,prs,deductions,2,2026 prs,0.003430531732418525,1.540445040947149,0.005284545595015949
2026,prs,global,2,2026 prs,0.003430531732418525,1.540445040947149,0.005284545595015949
2026,prs,holiday,2,2026 prs,0.003430531732418525,1.540445040947149,0.005284545595015949
2026,prs,ifsc,2,2026 prs,0.003430531732418525,1.540445040947149,0.005284545595015949
2026,prs,industrial,2,2026 prs,0.003430531732418525,1.540445040947149,0.005284545595015949
2026,prs,initiative,2,2026 prs,0.003430531732418525,1.540445040947149,0.005284545595015949
2026,prs,institutes,2,2026 prs,0.003430531732418525,1.540445040947149,0.005284545595015949
2026,prs,options,2,2026 prs,0.003430531732418525,1.540445040947149,0.005284545595015949
2026,prs,production,2,2026 prs,0.003430531732418525,1.540445040947149,0.005284545595015949
2026,prs,estimate,5,2026 prs,0.008576329331046312,0.5596157879354227,0.004799449296187159
2026,prs,fund,5,2026 prs,0.008576329331046312,0.5596157879354227,0.004799449296187159
2026,prs,revised,5,2026 prs,0.008576329331046312,0.5596157879354227,0.004799449296187159
2026,prs,education,4,2026 prs,0.00686106346483705,0.6931471805599453,0.00475572679629465
2026,prs,advancement,1,2026 prs,0.0017152658662092624,2.6390573296152584,0.004526684956458419
2026,prs,anaesthesia,1,2026 prs,0.0017152658662092624,2.6390573296152584,0.004526684956458419
2026,prs,animal,1,2026 prs,0.0017152658662092624,2.6390573296152584,0.004526684956458419
2026,prs,animation,1,2026 prs,0.0017152658662092624,2.6390573296152584,0.004526684956458419
2026,prs,assess,1,2026 prs,0.0017152658662092624,2.6390573296152584,0.004526684956458419
