word,es_tf,bs_tf,year,shared
sector,0.00636290105149636,0.008133971291866028,1998,0.00636290105149636
investment,0.0062280938258290645,0.004146730462519936,1998,0.004146730462519936
credit,0.004906983014289566,0.003668261562998405,1998,0.003668261562998405
development,0.0036397950930169855,0.005901116427432217,1998,0.0036397950930169855
increase,0.0036128336478835265,0.005901116427432217,1998,0.0036128336478835265
tax,0.0033701806416823942,0.01467304625199362,1998,0.0033701806416823942
capital,0.005554057697492586,0.0033492822966507177,1998,0.0033492822966507177
foreign,0.0041251011054192505,0.003189792663476874,1998,0.003189792663476874
rate,0.008762469668374224,0.003189792663476874,1998,0.003189792663476874
increased,0.003154489080614721,0.0033492822966507177,1998,0.003154489080614721
infrastructure,0.002992720409813966,0.0030303030303030303,1998,0.002992720409813966
public,0.004313831221353465,0.0028708133971291866,1998,0.0028708133971291866
sector,0.0075534706209747955,0.010303687635574838,1999,0.0075534706209747955
rate,0.004876626646524078,0.00777295733911786,1999,0.004876626646524078
development,0.004479075561209615,0.006869125090383225,1999,0.004479075561209615
banks,0.004081524475895153,0.005061460592913955,1999,0.004081524475895153
capital,0.003816490419018844,0.006146059291395517,1999,0.003816490419018844
credit,0.0042670483157085685,0.0034345625451916123,1999,0.0034345625451916123
increase,0.003233415493890965,0.0036153289949385392,1999,0.003233415493890965
public,0.004055021070207522,0.0030730296456977584,1999,0.0030730296456977584
major,0.0029418780313270254,0.0034345625451916123,1999,0.0029418780313270254
investment,0.005804245845591158,0.0028922631959508315,1999,0.0028922631959508315
infrastructure,0.0027563541915136096,0.0036153289949385392,1999,0.0027563541915136096
growth,0.007367946781161379,0.0027114967462039045,1999,0.0027114967462039045
sector,0.007354626330812342,0.007012856904324595,2000,0.007012856904324595
rate,0.005437839864991562,0.006177992987143096,2000,0.005437839864991562
banks,0.004416942725587016,0.005844047420270496,2000,0.004416942725587016
capital,0.004312769548096756,0.004842210719652696,2000,0.004312769548096756
growth,0.004604454445069484,0.004174319585907497,2000,0.004174319585907497
credit,0.0040627539221201325,0.004341292369343797,2000,0.0040627539221201325
public,0.003812738296143509,0.004007346802471197,2000,0.003812738296143509
development,0.003646061212159093,0.005343129069961597,2000,0.003646061212159093
plan,0.0036043919411629893,0.004508265152780097,2000,0.0036043919411629893
increase,0.003312707044190262,0.0035064284521622974,2000,0.003312707044190262
financial,0.004416942725587016,0.003172482885289698,2000,0.003172482885289698
based,0.002729337250244807,0.0033394556687259976,2000,0.002729337250244807
sector,0.006545299561617145,0.008234519104084322,2001,0.006545299561617145
rate,0.0043686069167072576,0.00691699604743083,2001,0.0043686069167072576
growth,0.004520823185582075,0.003458498023715415,2001,0.003458498023715415
public,0.0030595470043838285,0.004281949934123847,2001,0.0030595470043838285
banks,0.0029986604968339015,0.0029644268774703555,2001,0.0029644268774703555
development,0.002816000974184121,0.004446640316205534,2001,0.002816000974184121
capital,0.0034705309303458354,0.0027997364953886695,2001,0.0027997364953886695
credit,0.0029225523623964927,0.0027997364953886695,2001,0.0027997364953886695
plan,0.002755114466634194,0.003129117259552042,2001,0.002755114466634194
investment,0.0027855577204091574,0.002635046113306983,2001,0.002635046113306983
increase,0.0025876765708718946,0.003952569169960474,2001,0.0025876765708718946
rates,0.0025115684364344863,0.004446640316205534,2001,0.0025115684364344863
sector,0.006372966764237282,0.009545804464973056,2002,0.006372966764237282
rate,0.004693270097694122,0.005080831408775982,2002,0.004693270097694122
development,0.0033346919115195077,0.004618937644341801,2002,0.0033346919115195077
rates,0.0033346919115195077,0.004618937644341801,2002,0.0033346919115195077
public,0.0032358862252522633,0.0033872209391839878,2002,0.0032358862252522633
tax,0.0031988340929020465,0.010931485758275596,2002,0.0031988340929020465
financial,0.003124729828201613,0.003233256351039261,2002,0.003124729828201613
banks,0.0029641705880173405,0.003695150115473441,2002,0.0029641705880173405
march,0.0029271184556671236,0.003079291762894534,2002,0.0029271184556671236
growth,0.004594464411426877,0.0029253271747498076,2002,0.0029253271747498076
plan,0.002890066323316907,0.0033872209391839878,2002,0.002890066323316907
current,0.0028406634801832844,0.0033872209391839878,2002,0.0028406634801832844
sector,0.006057944432245314,0.0045117628101836935,2003,0.0045117628101836935
development,0.003875017760498069,0.004350628424105704,2003,0.003875017760498069
growth,0.00524419070254072,0.003867225265871737,2003,0.003867225265871737
rate,0.0035391828879215697,0.003544956493715759,2003,0.0035391828879215697
capital,0.003242098192950051,0.003061553335481792,2003,0.003061553335481792
current,0.004081685374391299,0.0029004189494038026,2003,0.0029004189494038026
scheme,0.0026995957064803212,0.006928778601353529,2003,0.0026995957064803212
country,0.002841679691031917,0.002578150177247825,2003,0.002578150177247825
public,0.003112930934266782,0.002578150177247825,2003,0.002578150177247825
tax,0.0025575117219287253,0.014502094747019014,2003,0.0025575117219287253
expenditure,0.0028933465945052248,0.0024170157911698356,2003,0.0024170157911698356
credit,0.002260427026957207,0.002578150177247825,2003,0.002260427026957207
rates,0.002260427026957207,0.004672897196261682,2003,0.002260427026957207
sector,0.006432539805704709,0.007676841528057028,2004,0.006432539805704709
rate,0.004469412458487228,0.0053006762931822335,2004,0.004469412458487228
scheme,0.003708991588814054,0.008590751233778103,2004,0.003708991588814054
credit,0.00384866072814178,0.003655638822884299,2004,0.003655638822884299
capital,0.003646916415779509,0.0053006762931822335,2004,0.003646916415779509
development,0.003670194605667463,0.003472856881740084,2004,0.003472856881740084
services,0.003732269778702008,0.003472856881740084,2004,0.003472856881740084
public,0.0033908563270120115,0.004021202705172729,2004,0.0033908563270120115
growth,0.006890344206834476,0.003290074940595869,2004,0.003290074940595869
expenditure,0.0033908563270120115,0.003107292999451654,2004,0.003107292999451654
policy,0.0029252925292529252,0.003107292999451654,2004,0.0029252925292529252
investment,0.0028632173562183802,0.003838420764028514,2004,0.0028632173562183802
sector,0.006731693913999175,0.006866197183098592,2005,0.006731693913999175
rate,0.003953534520920151,0.006161971830985915,2005,0.003953534520920151
credit,0.004182503701668422,0.0035211267605633804,2005,0.0035211267605633804
growth,0.006586680099525271,0.0035211267605633804,2005,0.0035211267605633804
services,0.003655874585947398,0.0035211267605633804,2005,0.0035211267605633804
development,0.0032818915907252217,0.006690140845070422,2005,0.0032818915907252217
banks,0.0032284654485506253,0.005457746478873239,2005,0.0032284654485506253
capital,0.003777991482346476,0.0031690140845070424,2005,0.0031690140845070424
scheme,0.002999496267802354,0.005633802816901409,2005,0.002999496267802354
investment,0.0029918639617774116,0.0038732394366197184,2005,0.0029918639617774116
tax,0.0028468501473035064,0.01426056338028169,2005,0.0028468501473035064
current,0.004037489887194517,0.0028169014084507044,2005,0.0028169014084507044
sector,0.006711669019941587,0.00612205854218481,2006,0.00612205854218481
rate,0.004893522369006402,0.005930744212741534,2006,0.004893522369006402
services,0.004255236842614263,0.004400229577195332,2006,0.004255236842614263
credit,0.0039070811009458235,0.005739429883298259,2006,0.0039070811009458235
development,0.0037716872014080965,0.007078630189401186,2006,0.0037716872014080965
growth,0.008916655383841706,0.0034436579299789555,2006,0.0034436579299789555
investment,0.0034041894740914104,0.004017600918308781,2006,0.0034041894740914104
increase,0.003307479545850177,0.005165486894968433,2006,0.003307479545850177
expenditure,0.003423531459739657,0.0028697149416491295,2006,0.0028697149416491295
tax,0.002862613875940504,0.010330973789936866,2006,0.002862613875940504
scheme,0.002746561962051024,0.003826286588865506,2006,0.002746561962051024
banks,0.002533800119920311,0.00325234360053568,2006,0.002533800119920311
growth,0.009778513004319455,0.005942112325091048,2007,0.005942112325091048
sector,0.006396470912599945,0.004408663983132068,2007,0.004408663983132068
rate,0.004025365315687896,0.004983707111366686,2007,0.004025365315687896
development,0.0035107067365131883,0.006133793367835921,2007,0.0035107067365131883
capital,0.004062126642771804,0.003258577726662833,2007,0.003258577726662833
services,0.003841558680268358,0.003258577726662833,2007,0.003258577726662833
tax,0.0030511901479643414,0.011692543607437225,2007,0.0030511901479643414
increase,0.0026835768771252644,0.0055587502396013035,2007,0.0026835768771252644
scheme,0.0026835768771252644,0.006900517538815411,2007,0.0026835768771252644
expenditure,0.0036026100542229573,0.0026835345984282154,2007,0.0026835345984282154
investment,0.003529087400055142,0.0026835345984282154,2007,0.0026835345984282154
revenue,0.002867383512544803,0.0026835345984282154,2007,0.0026835345984282154
sector,0.007419283850482568,0.008266051518646674,2008,0.007419283850482568
growth,0.012669370304002012,0.005959246443675509,2008,0.005959246443675509
rate,0.005014304127762583,0.0057670126874279125,2008,0.005014304127762583
plan,0.004857115910591342,0.006343713956170703,2008,0.004857115910591342
development,0.003866830142412525,0.005574778931180315,2008,0.003866830142412525
increase,0.0036624854600899115,0.0036524413687043446,2008,0.0036524413687043446
scheme,0.0030337325914049484,0.00980392156862745,2008,0.0030337325914049484
rural,0.0028922631959508315,0.0038446751249519417,2008,0.0028922631959508315
capital,0.004747084158571473,0.0028835063437139563,2008,0.0028835063437139563
credit,0.003112326699990569,0.0028835063437139563,2008,0.0028835063437139563
financial,0.003363827847464554,0.0028835063437139563,2008,0.0028835063437139563
april,0.004086893646452262,0.002691272587466359,2008,0.002691272587466359
sector,0.007600732600732601,0.00700560448358687,2009,0.00700560448358687
growth,0.010897435897435897,0.005404323458767014,2009,0.005404323458767014
financial,0.005167451596023024,0.0050040032025620495,2009,0.0050040032025620495
rate,0.003950811093668237,0.0050040032025620495,2009,0.003950811093668237
global,0.0038199895342752484,0.004203362690152122,2009,0.0038199895342752484
scheme,0.00380690737833595,0.0050040032025620495,2009,0.00380690737833595
services,0.0043563579277864995,0.0038030424339471577,2009,0.0038030424339471577
public,0.003715332286760858,0.004803843074459567,2009,0.003715332286760858
development,0.003466771323914181,0.005804643714971977,2009,0.003466771323914181
investment,0.0032967032967032967,0.0038030424339471577,2009,0.0032967032967032967
increase,0.003061224489795918,0.004603682946357086,2009,0.003061224489795918
fiscal,0.0028388278388278387,0.0040032025620496394,2009,0.0028388278388278387
growth,0.010932467107059016,0.006359895248784137,2010,0.006359895248784137
sector,0.005664137140361413,0.009539842873176206,2010,0.005664137140361413
development,0.00386253207402959,0.006921062476618032,2010,0.00386253207402959
financial,0.00386253207402959,0.005237560793116348,2010,0.00386253207402959
services,0.0052683299666976035,0.003554059109614665,2010,0.003554059109614665
scheme,0.0035486160397444995,0.004676393565282455,2010,0.0035486160397444995
food,0.0036578042255827918,0.0029928918817807705,2010,0.0029928918817807705
tax,0.0029344324944041056,0.010101010101010102,2010,0.0029344324944041056
policy,0.002920783971174319,0.004489337822671156,2010,0.002920783971174319
fiscal,0.002866189878255173,0.0054246165357276464,2010,0.002866189878255173
increase,0.002866189878255173,0.003367003367003367,2010,0.002866189878255173
expenditure,0.0027570016924168806,0.003367003367003367,2010,0.0027570016924168806
sector,0.006924256643852863,0.007193041150886584,2011,0.006924256643852863
development,0.0048183670199372815,0.005352960856473737,2011,0.0048183670199372815
services,0.007519399363655092,0.004349280695884911,2011,0.004349280695884911
rate,0.003971433149449493,0.004014720642355303,2011,0.003971433149449493
http,0.0037654222079794904,0.005520240883238541,2011,0.0037654222079794904
financial,0.004932817542976172,0.00351288056206089,2011,0.00351288056206089
growth,0.01096436010712569,0.00351288056206089,2011,0.00351288056206089
scheme,0.0032389498020005954,0.004349280695884911,2011,0.0032389498020005954
credit,0.003124499278961705,0.0031783205085312814,2011,0.003124499278961705
production,0.00306727401744226,0.0038474406155904984,2011,0.00306727401744226
food,0.003147389383569483,0.003011040481766477,2011,0.003011040481766477
fiscal,0.002792592762148923,0.0036801605888256944,2011,0.002792592762148923
sector,0.007935671528538909,0.007093368525239195,2012,0.007093368525239195
development,0.0047740494056150405,0.005278785879247773,2012,0.0047740494056150405
services,0.0072928083635443895,0.004453975585615309,2012,0.004453975585615309
rate,0.004394654750864177,0.00511382382052128,2012,0.004394654750864177
http,0.0038150240283281343,0.0059386341141537445,2012,0.0038150240283281343
growth,0.01167692437399882,0.003794127350709337,2012,0.003794127350709337
increase,0.003056234718826406,0.004453975585615309,2012,0.003056234718826406
food,0.0030351572380069134,0.0031342791158033654,2012,0.0030351572380069134
fiscal,0.0028138436894022427,0.003794127350709337,2012,0.0028138436894022427
investment,0.0028033049489924965,0.003299241174529858,2012,0.0028033049489924965
capital,0.0027506112469437654,0.003299241174529858,2012,0.0027506112469437654
economy,0.0027189950257145265,0.0029693170570768723,2012,0.0027189950257145265
growth,0.012583755515607125,0.01237432327919567,2013,0.01237432327919567
sector,0.008797733834504549,0.004640371229698376,2013,0.004640371229698376
rate,0.0046440050117121535,0.004253673627223511,2013,0.004253673627223511
gdp,0.0037996404641281257,0.0038669760247486465,2013,0.0037996404641281257
financial,0.003772402898077028,0.006187161639597835,2013,0.003772402898077028
development,0.004507817181456665,0.0034802784222737818,2013,0.0034802784222737818
inflation,0.003527264803617149,0.0034802784222737818,2013,0.0034802784222737818
capital,0.0034591708884894046,0.0038669760247486465,2013,0.0034591708884894046
billion,0.004276297870022335,0.0030935808197989174,2013,0.0030935808197989174
credit,0.0030506073977229395,0.0030935808197989174,2013,0.0030506073977229395
food,0.0030506073977229395,0.0034802784222737818,2013,0.0030506073977229395
period,0.0030506073977229395,0.005027068832173241,2013,0.0030506073977229395
sector,0.008848319518763333,0.008753932430584052,2014,0.008753932430584052
development,0.005036197670758577,0.006975789905621666,2014,0.005036197670758577
growth,0.011383905151610535,0.0042401860210641495,2014,0.0042401860210641495
investment,0.004126884202427168,0.0038298454383805225,2014,0.0038298454383805225
infrastructure,0.0037421746581331097,0.004376966215292026,2014,0.0037421746581331097
tax,0.0031476235442241107,0.009301053207495554,2014,0.0031476235442241107
capital,0.003462385898646522,0.0030091642730132677,2014,0.0030091642730132677
increase,0.0026754800125904942,0.0031459444672411437,2014,0.0026754800125904942
plan,0.0023432308607001713,0.0023252633018738885,2014,0.0023252633018738885
term,0.002290770468296436,0.0025988236903296403,2014,0.002290770468296436
scheme,0.0022033364809568774,0.004376966215292026,2014,0.0022033364809568774
private,0.0024656384429755534,0.002188483107646013,2014,0.002188483107646013
rate,0.004441646556849578,0.002188483107646013,2014,0.002188483107646013
services,0.0066799566327422795,0.002188483107646013,2014,0.002188483107646013
investment,0.003985697415037397,0.005164622336991607,2015,0.003985697415037397
tax,0.003920089227135546,0.019496449322143318,2015,0.003920089227135546
services,0.007594147749639155,0.003615235635894125,2015,0.003615235635894125
growth,0.011579845164676552,0.003486120077469335,2015,0.003486120077469335
public,0.004100511743865634,0.003357004519044545,2015,0.003357004519044545
financial,0.0032312032541661198,0.003357004519044545,2015,0.0032312032541661198
rate,0.003083584831386957,0.004002582311168496,2015,0.003083584831386957
increase,0.0027555438918777063,0.003486120077469335,2015,0.0027555438918777063
development,0.004051305602939247,0.0025823111684958036,2015,0.0025823111684958036
increased,0.0026079254690985435,0.0025823111684958036,2015,0.0025823111684958036
sector,0.00879149717884792,0.0025823111684958036,2015,0.0025823111684958036
fiscal,0.0038872851331846216,0.0024531956100710137,2015,0.0024531956100710137
services,0.006588043920292802,0.005385329619312906,2016,0.005385329619312906
sector,0.007645384302562017,0.004642525533890436,2016,0.004642525533890436
tax,0.00432425105056256,0.020612813370473538,2016,0.00432425105056256
development,0.0040260268401789345,0.0038997214484679664,2016,0.0038997214484679664
rate,0.0038769147349871223,0.004456824512534819,2016,0.0038769147349871223
financial,0.0028466856445709637,0.004271123491179201,2016,0.0028466856445709637
investment,0.002887352582350549,0.002785515320334262,2016,0.002785515320334262
public,0.003022909041615833,0.002321262766945218,2016,0.002321262766945218
increased,0.0023044598075098277,0.002692664809656453,2016,0.0023044598075098277
expenditure,0.0024400162667751117,0.0022284122562674096,2016,0.0022284122562674096
income,0.0021824589941710723,0.010863509749303621,2016,0.0021824589941710723
farmers,0.002074013826758845,0.0025998142989786446,2016,0.002074013826758845
tax,0.004816498757032579,0.016696634985872077,2017,0.004816498757032579
sector,0.005217192202014916,0.003981505265861803,2017,0.003981505265861803
rate,0.0036471280910637185,0.003467762650911893,2017,0.003467762650911893
capital,0.002943870208033495,0.002954020035961983,2017,0.002943870208033495
income,0.00282938636660997,0.01040328795273568,2017,0.00282938636660997
growth,0.007670417375376161,0.0025687130747495505,2017,0.0025687130747495505
development,0.0025513541802956955,0.003467762650911893,2017,0.0025513541802956955
fiscal,0.002984757294256182,0.0023118417672745952,2017,0.0023118417672745952
public,0.002575886432029308,0.0023118417672745952,2017,0.0023118417672745952
revenue,0.002306031662959571,0.0023118417672745952,2017,0.002306031662959571
financial,0.002175192987046971,0.004109940919599281,2017,0.002175192987046971
credit,0.0021261284835797463,0.0030824556896994607,2017,0.0021261284835797463
tax,0.0041454956044842325,0.01086815888213223,2018,0.0041454956044842325
development,0.003984192273570449,0.004657782378056669,2018,0.003984192273570449
investment,0.004871360593596258,0.0034933367835425022,2018,0.0034933367835425022
services,0.006032744576175498,0.0034933367835425022,2018,0.0034933367835425022
rate,0.0031292846197273974,0.004269633846551948,2018,0.0031292846197273974
growth,0.01077506250504073,0.0031051882520377796,2018,0.0031051882520377796
sector,0.006226308573272038,0.0031051882520377796,2018,0.0031051882520377796
income,0.002726026292442939,0.005822227972570837,2018,0.002726026292442939
agriculture,0.003435760948463586,0.0027170397205330574,2018,0.0027170397205330574
capital,0.0023711589644326157,0.0029758054082028723,2018,0.0023711589644326157
country,0.002193725300427454,0.004399016690386855,2018,0.002193725300427454
financial,0.0021292039680619406,0.0032345710958726873,2018,0.0021292039680619406
investment,0.005462016436159551,0.0037656440358843726,2019,0.0037656440358843726
rate,0.003683102826217679,0.0033226270904862113,2019,0.0033226270904862113
public,0.0036079374624173183,0.0031011186177871304,2019,0.0031011186177871304
economy,0.0028312287031469234,0.002768855908738509,2019,0.002768855908738509
growth,0.006764882742032472,0.002325838963340348,2019,0.002325838963340348
time,0.0035077169773501705,0.002325838963340348,2019,0.002325838963340348
tax,0.0019793545800761677,0.013401262598294385,2019,0.0019793545800761677
system,0.0026808979755462018,0.0018828220179421863,2019,0.0018828220179421863
country,0.001829023852475446,0.0022150847269908074,2019,0.001829023852475446
sector,0.0017789136099418722,0.0033226270904862113,2019,0.0017789136099418722
capital,0.0017538584886750853,0.0031011186177871304,2019,0.0017538584886750853
development,0.0017288033674082983,0.0022150847269908074,2019,0.0017288033674082983
sector,0.00742215416028586,0.004509074512456319,2020,0.004509074512456319
rate,0.004093925472179683,0.006876338631495885,2020,0.004093925472179683
financial,0.003603879530372639,0.0034945327471536465,2020,0.0034945327471536465
services,0.004461459928534967,0.003043625295908015,2020,0.003043625295908015
economy,0.003144461459928535,0.002705444707473791,2020,0.002705444707473791
credit,0.0028688106176620724,0.002592717844662383,2020,0.002592717844662383
health,0.002480857580398162,0.002930898433096607,2020,0.002480857580398162
infrastructure,0.002307299642674834,0.0032690790215308308,2020,0.002307299642674834
tax,0.0022868810617662073,0.016232668244842745,2020,0.0022868810617662073
country,0.0030321592649310875,0.0022545372562281594,2020,0.0022545372562281594
development,0.0022460438999489536,0.005072708826513358,2020,0.0022460438999489536
investment,0.002470648289943849,0.002141810393416751,2020,0.002141810393416751
sector,0.006055907772132079,0.005356407086938607,2021,0.005356407086938607
health,0.004252183657491979,0.0038456256008790003,2021,0.0038456256008790003
public,0.0033081067804675867,0.004120313143798929,2021,0.0033081067804675867
rate,0.0033771855763474203,0.003296250515039143,2021,0.003296250515039143
capital,0.003085519549299234,0.004807032001098751,2021,0.003085519549299234
development,0.0024331086993230277,0.0035709380579590716,2021,0.0024331086993230277
time,0.0023333282163854902,0.00288421920065925,2021,0.0023333282163854902
investment,0.0022642494205056566,0.0026095316577393213,2021,0.0022642494205056566
financial,0.002248898576976805,0.003708281829419036,2021,0.002248898576976805
expenditure,0.0020877147199238597,0.002197500343359429,2021,0.0020877147199238597
country,0.0020953901416882856,0.0020601565718994645,2021,0.0020601565718994645
period,0.0026326696651981026,0.0020601565718994645,2021,0.0020601565718994645
growth,0.004698325849713045,0.0037798251830852823,2022,0.0037798251830852823
sector,0.0072110380921228704,0.003543586109142452,2022,0.003543586109142452
infrastructure,0.0034642719081744923,0.006142215922513584,2022,0.0034642719081744923
scheme,0.003895447381724107,0.003071107961256792,2022,0.003071107961256792
services,0.006482500223021797,0.003071107961256792,2022,0.003071107961256792
capital,0.002869547117071575,0.007795889440113395,2022,0.002869547117071575
financial,0.002869547117071575,0.0044885424049137725,2022,0.002869547117071575
development,0.0026911296797407,0.0063784549964564135,2022,0.0026911296797407
management,0.0023640310446340954,0.0025986298133711316,2022,0.0023640310446340954
public,0.0023491629248565227,0.0044885424049137725,2022,0.0023491629248565227
investment,0.0021558773677480747,0.005905976848570754,2022,0.0021558773677480747
pandemic,0.0031817776324006065,0.002126151665485471,2022,0.002126151665485471
rate,0.0026465253204079812,0.002126151665485471,2022,0.002126151665485471
financial,0.005180041087430524,0.005463576158940398,2023,0.005180041087430524
infrastructure,0.004499451747476148,0.004470198675496689,2023,0.004470198675496689
development,0.004096139546021703,0.006125827814569536,2023,0.004096139546021703
scheme,0.0037936553949308696,0.00347682119205298,2023,0.00347682119205298
sector,0.00686891093102101,0.00347682119205298,2023,0.00347682119205298
rate,0.00325170462422646,0.0039735099337748344,2023,0.00325170462422646
digital,0.0031508765738628487,0.0033112582781456954,2023,0.0031508765738628487
services,0.00496578148040785,0.002980132450331126,2023,0.002980132450331126
capital,0.0029618239794310776,0.0041390728476821195,2023,0.0029618239794310776
credit,0.0028988064479538206,0.0033112582781456954,2023,0.0028988064479538206
investment,0.002646736322044793,0.0026490066225165563,2023,0.002646736322044793
public,0.0022308206142948967,0.0024834437086092716,2023,0.0022308206142948967
sector,0.0069694831369440605,0.005788313120176406,2024,0.005788313120176406
financial,0.004736541937728973,0.006063947078280044,2024,0.004736541937728973
development,0.004543213695372688,0.01350606394707828,2024,0.004543213695372688
services,0.005722515973746025,0.004410143329658214,2024,0.004410143329658214
energy,0.0041178915621888626,0.004134509371554576,2024,0.0041178915621888626
infrastructure,0.003808566374418807,0.004685777287761852,2024,0.003808566374418807
market,0.00351857401088438,0.0027563395810363835,2024,0.0027563395810363835
employment,0.002551932799102957,0.005788313120176406,2024,0.002551932799102957
industry,0.0025325999748673283,0.0027563395810363835,2024,0.0025325999748673283
capital,0.0024939343263960714,0.004685777287761852,2024,0.0024939343263960714
policy,0.0024842679142782573,0.0027563395810363835,2024,0.0024842679142782573
growth,0.006234835815990179,0.0024807056229327455,2024,0.0024807056229327455
sector,0.0062774926686217005,0.007489597780859916,2025,0.0062774926686217005
global,0.0054412573313782995,0.004438280166435506,2025,0.004438280166435506
development,0.004261363636363636,0.0063800277392510405,2025,0.004261363636363636
financial,0.004456103372434018,0.004160887656033287,2025,0.004160887656033287
infrastructure,0.0030585593841642228,0.005270457697642164,2025,0.0030585593841642228
employment,0.0027378115835777128,0.003883495145631068,2025,0.0027378115835777128
growth,0.007354288856304986,0.0024965325936199723,2025,0.0024965325936199723
credit,0.0022910557184750734,0.0049930651872399446,2025,0.0022910557184750734
rural,0.002279600439882698,0.004160887656033287,2025,0.002279600439882698
economy,0.0022337793255131967,0.0027739251040221915,2025,0.0022337793255131967
education,0.0026461693548387095,0.002219140083217753,2025,0.002219140083217753
manufacturing,0.002187958211143695,0.005547850208044383,2025,0.002187958211143695
